,start_year,end_year,parties_involved,title,description,Country,conflict_range
0,2000,2006,Ethiopia; Eritrea,Eritrean–Ethiopian border conflict,"A series of armed skirmishes along the border following the Algiers Agreement, leading to periodic clashes.",Ethiopia,2000 - 2006
0,2000,2006,Ethiopia; Eritrea,Eritrean–Ethiopian border conflict,"A series of armed skirmishes along the border following the Algiers Agreement, leading to periodic clashes.",Eritrea,2000 - 2006
1,2000,2007,Uganda; Lord's Resistance Army (LRA),Lord's Resistance Army insurgency,"An 2024 insurgency led by the LRA against the Ugandan government, characterized by widespread human rights violations.",Uganda,2000 - 2007
1,2000,2007,Uganda; Lord's Resistance Army (LRA),Lord's Resistance Army insurgency,"An 2024 insurgency led by the LRA against the Ugandan government, characterized by widespread human rights violations.",Lord's Resistance Army (LRA),2000 - 2007
2,2001,2002,Madagascar; political factions,Malagasy political crisis,"A political crisis resulting from disputed elections, leading to clashes and economic disruption.",Madagascar,2001 - 2002
2,2001,2002,Madagascar; political factions,Malagasy political crisis,"A political crisis resulting from disputed elections, leading to clashes and economic disruption.",political factions,2001 - 2002
3,2002,2007,Côte d'Ivoire; government forces; New Forces rebels,First Ivorian Civil War,"A civil war triggered by a failed coup attempt, dividing the country and leading to significant displacement.",Côte d'Ivoire,2002 - 2007
3,2002,2007,Côte d'Ivoire; government forces; New Forces rebels,First Ivorian Civil War,"A civil war triggered by a failed coup attempt, dividing the country and leading to significant displacement.",government forces,2002 - 2007
3,2002,2007,Côte d'Ivoire; government forces; New Forces rebels,First Ivorian Civil War,"A civil war triggered by a failed coup attempt, dividing the country and leading to significant displacement.",New Forces rebels,2002 - 2007
4,2003,2004,Sudan; Justice and Equality Movement (JEM); Sudan Liberation Movement/Army (SLM/A),Darfur conflict,An armed conflict in Darfur involving rebel groups accusing the government of oppressing non-Arab populations.,Sudan,2003 - 2004
4,2003,2004,Sudan; Justice and Equality Movement (JEM); Sudan Liberation Movement/Army (SLM/A),Darfur conflict,An armed conflict in Darfur involving rebel groups accusing the government of oppressing non-Arab populations.,Justice and Equality Movement (JEM),2003 - 2004
4,2003,2004,Sudan; Justice and Equality Movement (JEM); Sudan Liberation Movement/Army (SLM/A),Darfur conflict,An armed conflict in Darfur involving rebel groups accusing the government of oppressing non-Arab populations.,Sudan Liberation Movement/Army (SLM/A),2003 - 2004
5,1998,2002,Chad; rebel groups,Second Chadian Civil War,"This war was primarily a struggle between President Idriss Déby’s government and various rebel groups, many of which were remnants of the earlier conflict.",Chad,1998 - 2002
5,1998,2002,Chad; rebel groups,Second Chadian Civil War,"This war was primarily a struggle between President Idriss Déby’s government and various rebel groups, many of which were remnants of the earlier conflict.",rebel groups,1998 - 2002
6,2011,2014,Egypt; government; opposition; military,Egyptian Crisis,"A period marked by the 2011 revolution, followed by political instability, protests, and military interventions.",Egypt,2011 - 2014
6,2011,2014,Egypt; government; opposition; military,Egyptian Crisis,"A period marked by the 2011 revolution, followed by political instability, protests, and military interventions.",government,2011 - 2014
6,2011,2014,Egypt; government; opposition; military,Egyptian Crisis,"A period marked by the 2011 revolution, followed by political instability, protests, and military interventions.",opposition,2011 - 2014
6,2011,2014,Egypt; government; opposition; military,Egyptian Crisis,"A period marked by the 2011 revolution, followed by political instability, protests, and military interventions.",military,2011 - 2014
7,2014,2017,Libya; various armed groups; Libyan National Army (LNA); Government of National Accord (GNA),Second Libyan Civil War,"A multi-faceted conflict involving rival factions vying for control of Libya, leading to international interventions.",Libya,2014 - 2017
7,2014,2017,Libya; various armed groups; Libyan National Army (LNA); Government of National Accord (GNA),Second Libyan Civil War,"A multi-faceted conflict involving rival factions vying for control of Libya, leading to international interventions.",various armed groups,2014 - 2017
7,2014,2017,Libya; various armed groups; Libyan National Army (LNA); Government of National Accord (GNA),Second Libyan Civil War,"A multi-faceted conflict involving rival factions vying for control of Libya, leading to international interventions.",Libyan National Army (LNA),2014 - 2017
7,2014,2017,Libya; various armed groups; Libyan National Army (LNA); Government of National Accord (GNA),Second Libyan Civil War,"A multi-faceted conflict involving rival factions vying for control of Libya, leading to international interventions.",Government of National Accord (GNA),2014 - 2017
8,2015,2024,Mali; AQIM; ISGS; French forces,Insurgency in the Maghreb,2024 conflict involving Malian government forces and Islamist militants seeking to establish an Islamic state.,Mali,2015 - 2024
8,2015,2024,Mali; AQIM; ISGS; French forces,Insurgency in the Maghreb,2024 conflict involving Malian government forces and Islamist militants seeking to establish an Islamic state.,AQIM,2015 - 2024
8,2015,2024,Mali; AQIM; ISGS; French forces,Insurgency in the Maghreb,2024 conflict involving Malian government forces and Islamist militants seeking to establish an Islamic state.,ISGS,2015 - 2024
8,2015,2024,Mali; AQIM; ISGS; French forces,Insurgency in the Maghreb,2024 conflict involving Malian government forces and Islamist militants seeking to establish an Islamic state.,French forces,2015 - 2024
9,2020,2022,Ethiopia; TPLF; Eritrean forces,Tigray War,"Conflict between TPLF and Ethiopian government forces, resulting in significant casualties and displacement.",Ethiopia,2020 - 2022
9,2020,2022,Ethiopia; TPLF; Eritrean forces,Tigray War,"Conflict between TPLF and Ethiopian government forces, resulting in significant casualties and displacement.",TPLF,2020 - 2022
9,2020,2022,Ethiopia; TPLF; Eritrean forces,Tigray War,"Conflict between TPLF and Ethiopian government forces, resulting in significant casualties and displacement.",Eritrean forces,2020 - 2022
10,2023,2024,Niger; military junta; armed groups,Nigerien Crisis,"Political crisis following a military coup, leading to regional tensions and governance concerns.",Niger,2023 - 2024
10,2023,2024,Niger; military junta; armed groups,Nigerien Crisis,"Political crisis following a military coup, leading to regional tensions and governance concerns.",military junta,2023 - 2024
10,2023,2024,Niger; military junta; armed groups,Nigerien Crisis,"Political crisis following a military coup, leading to regional tensions and governance concerns.",armed groups,2023 - 2024
11,2005,2006,Ethiopia; Oromo Liberation Front (OLF),Insurgency in Oromia,"An insurgency led by the OLF against the Ethiopian government, seeking self-determination for the Oromo people. The conflict involved guerrilla warfare and counter-insurgency operations.",Ethiopia,2005 - 2006
11,2005,2006,Ethiopia; Oromo Liberation Front (OLF),Insurgency in Oromia,"An insurgency led by the OLF against the Ethiopian government, seeking self-determination for the Oromo people. The conflict involved guerrilla warfare and counter-insurgency operations.",Oromo Liberation Front (OLF),2005 - 2006
12,2006,2006,Somalia; Islamic Courts Union (ICU); Transitional Federal Government (TFG); Ethiopia,War in Somalia,"A conflict where the ICU took control of much of southern Somalia, leading to intervention by Ethiopian forces supporting the TFG, resulting in the ousting of the ICU from major cities.",Somalia,2006 - 2006
12,2006,2006,Somalia; Islamic Courts Union (ICU); Transitional Federal Government (TFG); Ethiopia,War in Somalia,"A conflict where the ICU took control of much of southern Somalia, leading to intervention by Ethiopian forces supporting the TFG, resulting in the ousting of the ICU from major cities.",Islamic Courts Union (ICU),2006 - 2006
12,2006,2006,Somalia; Islamic Courts Union (ICU); Transitional Federal Government (TFG); Ethiopia,War in Somalia,"A conflict where the ICU took control of much of southern Somalia, leading to intervention by Ethiopian forces supporting the TFG, resulting in the ousting of the ICU from major cities.",Transitional Federal Government (TFG),2006 - 2006
12,2006,2006,Somalia; Islamic Courts Union (ICU); Transitional Federal Government (TFG); Ethiopia,War in Somalia,"A conflict where the ICU took control of much of southern Somalia, leading to intervention by Ethiopian forces supporting the TFG, resulting in the ousting of the ICU from major cities.",Ethiopia,2006 - 2006
13,2000,2000,Zimbabwe; Movement for Democratic Change (MDC); Zimbabwe African National Union-Patriotic Front (ZANU-PF),Zimbabwean Political Crisis,"A political crisis marked by disputed parliamentary elections, leading to violence and allegations of electoral fraud.",Zimbabwe,2000 - 2000
13,2000,2000,Zimbabwe; Movement for Democratic Change (MDC); Zimbabwe African National Union-Patriotic Front (ZANU-PF),Zimbabwean Political Crisis,"A political crisis marked by disputed parliamentary elections, leading to violence and allegations of electoral fraud.",Movement for Democratic Change (MDC),2000 - 2000
13,2000,2000,Zimbabwe; Movement for Democratic Change (MDC); Zimbabwe African National Union-Patriotic Front (ZANU-PF),Zimbabwean Political Crisis,"A political crisis marked by disputed parliamentary elections, leading to violence and allegations of electoral fraud.",Zimbabwe African National Union-Patriotic Front (ZANU-PF),2000 - 2000
14,2001,2002,Burundi; Forces for the Defense of Democracy (FDD); National Liberation Forces (FNL); Burundian government,Burundian Civil War,"The final phase of a civil war involving ethnic tensions between Hutu rebel groups and the Tutsi-dominated government, leading to a peace agreement in 2003.",Burundi,2001 - 2002
14,2001,2002,Burundi; Forces for the Defense of Democracy (FDD); National Liberation Forces (FNL); Burundian government,Burundian Civil War,"The final phase of a civil war involving ethnic tensions between Hutu rebel groups and the Tutsi-dominated government, leading to a peace agreement in 2003.",Forces for the Defense of Democracy (FDD),2001 - 2002
14,2001,2002,Burundi; Forces for the Defense of Democracy (FDD); National Liberation Forces (FNL); Burundian government,Burundian Civil War,"The final phase of a civil war involving ethnic tensions between Hutu rebel groups and the Tutsi-dominated government, leading to a peace agreement in 2003.",National Liberation Forces (FNL),2001 - 2002
14,2001,2002,Burundi; Forces for the Defense of Democracy (FDD); National Liberation Forces (FNL); Burundian government,Burundian Civil War,"The final phase of a civil war involving ethnic tensions between Hutu rebel groups and the Tutsi-dominated government, leading to a peace agreement in 2003.",Burundian government,2001 - 2002
15,2003,2003,São Tomé and Príncipe; military factions,São Tomé and Príncipe Coup,"A brief military coup that ousted President Fradique de Menezes, who was later reinstated following negotiations.",São Tomé and Príncipe,2003 - 2003
15,2003,2003,São Tomé and Príncipe; military factions,São Tomé and Príncipe Coup,"A brief military coup that ousted President Fradique de Menezes, who was later reinstated following negotiations.",military factions,2003 - 2003
16,2004,2004,Guinea-Bissau; military factions,Guinea-Bissau Coup,"A bloodless coup led by the military, deposing President Kumba Ialá and leading to transitional governance.",Guinea-Bissau,2004 - 2004
16,2004,2004,Guinea-Bissau; military factions,Guinea-Bissau Coup,"A bloodless coup led by the military, deposing President Kumba Ialá and leading to transitional governance.",military factions,2004 - 2004
17,2005,2005,Mauritania; military factions,3rd Mauritanian Coup,"A military coup that ousted President Maaouya Ould Sid'Ahmed Taya, leading to the establishment of a military council.",Mauritania,2005 - 2005
17,2005,2005,Mauritania; military factions,3rd Mauritanian Coup,"A military coup that ousted President Maaouya Ould Sid'Ahmed Taya, leading to the establishment of a military council.",military factions,2005 - 2005
18,2007,2007,Guinea; military factions,Guinean General Strike,"A general strike that escalated into violent protests against President Lansana Conté's regime, leading to a declaration of martial law.",Guinea,2007 - 2007
18,2007,2007,Guinea; military factions,Guinean General Strike,"A general strike that escalated into violent protests against President Lansana Conté's regime, leading to a declaration of martial law.",military factions,2007 - 2007
19,2008,2008,Guinea-Bissau; military factions,Guinea-Bissau Coup Attempt,"An attempted coup involving clashes between military factions, resulting in the assassination of the army chief of staff.",Guinea-Bissau,2008 - 2008
19,2008,2008,Guinea-Bissau; military factions,Guinea-Bissau Coup Attempt,"An attempted coup involving clashes between military factions, resulting in the assassination of the army chief of staff.",military factions,2008 - 2008
20,2009,2009,Guinea; military factions,Guinean Political Crisis,"A political crisis following a military coup that brought Captain Moussa Dadis Camara to power, leading to violent crackdowns on opposition protests.",Guinea,2009 - 2009
20,2009,2009,Guinea; military factions,Guinean Political Crisis,"A political crisis following a military coup that brought Captain Moussa Dadis Camara to power, leading to violent crackdowns on opposition protests.",military factions,2009 - 2009
21,2010,2010,Niger; military factions,Nigerien Coup,"A military coup that ousted President Mamadou Tandja, leading to the establishment of a transitional government.",Niger,2010 - 2010
21,2010,2010,Niger; military factions,Nigerien Coup,"A military coup that ousted President Mamadou Tandja, leading to the establishment of a transitional government.",military factions,2010 - 2010
22,2011,2011,Sudan; South Sudan; Sudan People's Liberation Movement (SPLM),South Sudanese Independence,"The secession of South Sudan from Sudan following a referendum, leading to the establishment of the Republic of South Sudan.",Sudan,2011 - 2011
22,2011,2011,Sudan; South Sudan; Sudan People's Liberation Movement (SPLM),South Sudanese Independence,"The secession of South Sudan from Sudan following a referendum, leading to the establishment of the Republic of South Sudan.",South Sudan,2011 - 2011
22,2011,2011,Sudan; South Sudan; Sudan People's Liberation Movement (SPLM),South Sudanese Independence,"The secession of South Sudan from Sudan following a referendum, leading to the establishment of the Republic of South Sudan.",Sudan People's Liberation Movement (SPLM),2011 - 2011
23,2012,2012,Guinea-Bissau; military factions,Guinea-Bissau Coup,"A military coup that interrupted the presidential election process, leading to international condemnation and sanctions.",Guinea-Bissau,2012 - 2012
23,2012,2012,Guinea-Bissau; military factions,Guinea-Bissau Coup,"A military coup that interrupted the presidential election process, leading to international condemnation and sanctions.",military factions,2012 - 2012
24,2013,2013,Egypt; Egyptian government; opposition groups; military; various political factions,Egyptian Coup d'État,"A military coup that ousted President Mohamed Morsi, leading to political instability and violent crackdowns on protests.",Egypt,2013 - 2013
24,2013,2013,Egypt; Egyptian government; opposition groups; military; various political factions,Egyptian Coup d'État,"A military coup that ousted President Mohamed Morsi, leading to political instability and violent crackdowns on protests.",Egyptian government,2013 - 2013
24,2013,2013,Egypt; Egyptian government; opposition groups; military; various political factions,Egyptian Coup d'État,"A military coup that ousted President Mohamed Morsi, leading to political instability and violent crackdowns on protests.",opposition groups,2013 - 2013
24,2013,2013,Egypt; Egyptian government; opposition groups; military; various political factions,Egyptian Coup d'État,"A military coup that ousted President Mohamed Morsi, leading to political instability and violent crackdowns on protests.",military,2013 - 2013
24,2013,2013,Egypt; Egyptian government; opposition groups; military; various political factions,Egyptian Coup d'État,"A military coup that ousted President Mohamed Morsi, leading to political instability and violent crackdowns on protests.",various political factions,2013 - 2013
25,2000,2003,Democratic Republic of the Congo; government forces; various rebel groups; multiple African nations,Second Congo War,"Known as the Great War of Africa, involved multiple nations with significant casualties and displacement.",Democratic Republic of the Congo,2000 - 2003
25,2000,2003,Democratic Republic of the Congo; government forces; various rebel groups; multiple African nations,Second Congo War,"Known as the Great War of Africa, involved multiple nations with significant casualties and displacement.",government forces,2000 - 2003
25,2000,2003,Democratic Republic of the Congo; government forces; various rebel groups; multiple African nations,Second Congo War,"Known as the Great War of Africa, involved multiple nations with significant casualties and displacement.",various rebel groups,2000 - 2003
25,2000,2003,Democratic Republic of the Congo; government forces; various rebel groups; multiple African nations,Second Congo War,"Known as the Great War of Africa, involved multiple nations with significant casualties and displacement.",multiple African nations,2000 - 2003
26,2005,2005,Togo; government forces; opposition parties,Togo Political Crisis,Unrest and violence followed Faure Gnassingbé's controversial succession.,Togo,2005 - 2005
26,2005,2005,Togo; government forces; opposition parties,Togo Political Crisis,Unrest and violence followed Faure Gnassingbé's controversial succession.,government forces,2005 - 2005
26,2005,2005,Togo; government forces; opposition parties,Togo Political Crisis,Unrest and violence followed Faure Gnassingbé's controversial succession.,opposition parties,2005 - 2005
27,2005,2010,Chad; rebel groups,Third Chadian Civil War,"Beginning in December 2005, this conflict involved multiple rebel groups challenging President Idriss Déby's government. The war concluded in January 2010 with a government victory. ",Chad,2005 - 2010
27,2005,2010,Chad; rebel groups,Third Chadian Civil War,"Beginning in December 2005, this conflict involved multiple rebel groups challenging President Idriss Déby's government. The war concluded in January 2010 with a government victory. ",rebel groups,2005 - 2010
28,2007,2008,Kenya; supporters of rival political parties,Kenyan Post-Election Violence,Widespread violence following disputed election results caused significant displacement and deaths.,Kenya,2007 - 2008
28,2007,2008,Kenya; supporters of rival political parties,Kenyan Post-Election Violence,Widespread violence following disputed election results caused significant displacement and deaths.,supporters of rival political parties,2007 - 2008
29,2008,2008,Mauritania; military factions,4th Mauritanian Coup,President Sidi Ould Cheikh Abdallahi was deposed in a coup orchestrated by General Mohamed Ould Abdel Aziz.,Mauritania,2008 - 2008
29,2008,2008,Mauritania; military factions,4th Mauritanian Coup,President Sidi Ould Cheikh Abdallahi was deposed in a coup orchestrated by General Mohamed Ould Abdel Aziz.,military factions,2008 - 2008
30,2008,2009,Niger; government forces; Tuareg rebel groups,Second Tuareg Rebellion,Tuareg groups demanded greater autonomy and control over resources.,Niger,2008 - 2009
30,2008,2009,Niger; government forces; Tuareg rebel groups,Second Tuareg Rebellion,Tuareg groups demanded greater autonomy and control over resources.,government forces,2008 - 2009
30,2008,2009,Niger; government forces; Tuareg rebel groups,Second Tuareg Rebellion,Tuareg groups demanded greater autonomy and control over resources.,Tuareg rebel groups,2008 - 2009
31,2011,2011,Libya; government forces loyal to Muammar Gaddafi; various rebel groups,Libyan Civil War,"Conflict led to Gaddafi's overthrow and death, creating 2024 instability.",Libya,2011 - 2011
31,2011,2011,Libya; government forces loyal to Muammar Gaddafi; various rebel groups,Libyan Civil War,"Conflict led to Gaddafi's overthrow and death, creating 2024 instability.",government forces loyal to Muammar Gaddafi,2011 - 2011
31,2011,2011,Libya; government forces loyal to Muammar Gaddafi; various rebel groups,Libyan Civil War,"Conflict led to Gaddafi's overthrow and death, creating 2024 instability.",various rebel groups,2011 - 2011
32,2012,2012,Mali; military factions,Mali Coup d'État,"Soldiers ousted President Touré, blaming mishandling of a Tuareg rebellion.",Mali,2012 - 2012
32,2012,2012,Mali; military factions,Mali Coup d'État,"Soldiers ousted President Touré, blaming mishandling of a Tuareg rebellion.",military factions,2012 - 2012
33,2012,2013,Central African Republic; government forces; Séléka rebel coalition,Central African Republic Civil War,"Séléka seized power, triggering sectarian violence and a humanitarian crisis.",Central African Republic,2012 - 2013
33,2012,2013,Central African Republic; government forces; Séléka rebel coalition,Central African Republic Civil War,"Séléka seized power, triggering sectarian violence and a humanitarian crisis.",government forces,2012 - 2013
33,2012,2013,Central African Republic; government forces; Séléka rebel coalition,Central African Republic Civil War,"Séléka seized power, triggering sectarian violence and a humanitarian crisis.",Séléka rebel coalition,2012 - 2013
34,2013,2014,South Sudan; government forces; opposition factions,South Sudan Civil War,Political disputes escalated into armed conflict with significant casualties and displacement.,South Sudan,2013 - 2014
34,2013,2014,South Sudan; government forces; opposition factions,South Sudan Civil War,Political disputes escalated into armed conflict with significant casualties and displacement.,government forces,2013 - 2014
34,2013,2014,South Sudan; government forces; opposition factions,South Sudan Civil War,Political disputes escalated into armed conflict with significant casualties and displacement.,opposition factions,2013 - 2014
35,2014,2014,Burkina Faso; government forces; civilian protesters,Burkinabé Uprising,Mass protests forced President Blaise Compaoré to resign after 27 years in power.,Burkina Faso,2014 - 2014
35,2014,2014,Burkina Faso; government forces; civilian protesters,Burkinabé Uprising,Mass protests forced President Blaise Compaoré to resign after 27 years in power.,government forces,2014 - 2014
35,2014,2014,Burkina Faso; government forces; civilian protesters,Burkinabé Uprising,Mass protests forced President Blaise Compaoré to resign after 27 years in power.,civilian protesters,2014 - 2014
36,2015,2015,Burundi; government forces; opposition groups,Burundian Unrest,Political unrest and violence following President Pierre Nkurunziza's announcement to run for a third term.,Burundi,2015 - 2015
36,2015,2015,Burundi; government forces; opposition groups,Burundian Unrest,Political unrest and violence following President Pierre Nkurunziza's announcement to run for a third term.,government forces,2015 - 2015
36,2015,2015,Burundi; government forces; opposition groups,Burundian Unrest,Political unrest and violence following President Pierre Nkurunziza's announcement to run for a third term.,opposition groups,2015 - 2015
37,2015,2024,Burkina Faso; government forces; jihadist groups,Jihadist Insurgency in Burkina Faso,"Armed groups affiliated with al-Qaeda and ISIS intensified attacks, leading to significant displacement and casualties.",Burkina Faso,2015 - 2024
37,2015,2024,Burkina Faso; government forces; jihadist groups,Jihadist Insurgency in Burkina Faso,"Armed groups affiliated with al-Qaeda and ISIS intensified attacks, leading to significant displacement and casualties.",government forces,2015 - 2024
37,2015,2024,Burkina Faso; government forces; jihadist groups,Jihadist Insurgency in Burkina Faso,"Armed groups affiliated with al-Qaeda and ISIS intensified attacks, leading to significant displacement and casualties.",jihadist groups,2015 - 2024
38,2016,2024,Niger; government forces; jihadist groups,Jihadist Insurgency in Niger,"Escalation of attacks by jihadist groups in the Sahel region, affecting border areas.",Niger,2016 - 2024
38,2016,2024,Niger; government forces; jihadist groups,Jihadist Insurgency in Niger,"Escalation of attacks by jihadist groups in the Sahel region, affecting border areas.",government forces,2016 - 2024
38,2016,2024,Niger; government forces; jihadist groups,Jihadist Insurgency in Niger,"Escalation of attacks by jihadist groups in the Sahel region, affecting border areas.",jihadist groups,2016 - 2024
39,2016,2024,Cameroon; government forces; Anglophone separatists,Anglophone Crisis,Conflict between Cameroon's government and English-speaking regions seeking independence.,Cameroon,2016 - 2024
39,2016,2024,Cameroon; government forces; Anglophone separatists,Anglophone Crisis,Conflict between Cameroon's government and English-speaking regions seeking independence.,government forces,2016 - 2024
39,2016,2024,Cameroon; government forces; Anglophone separatists,Anglophone Crisis,Conflict between Cameroon's government and English-speaking regions seeking independence.,Anglophone separatists,2016 - 2024
40,2017,2024,Mozambique; government forces; Islamist insurgents,Islamist Insurgency in Mozambique,"Armed Islamist groups launched attacks in the Cabo Delgado province, causing humanitarian crises.",Mozambique,2017 - 2024
40,2017,2024,Mozambique; government forces; Islamist insurgents,Islamist Insurgency in Mozambique,"Armed Islamist groups launched attacks in the Cabo Delgado province, causing humanitarian crises.",government forces,2017 - 2024
40,2017,2024,Mozambique; government forces; Islamist insurgents,Islamist Insurgency in Mozambique,"Armed Islamist groups launched attacks in the Cabo Delgado province, causing humanitarian crises.",Islamist insurgents,2017 - 2024
41,2017,2017,Zimbabwe; military factions; government forces,Zimbabwean Coup d'État,"The military intervened, leading to President Robert Mugabe's resignation after 37 years in power.",Zimbabwe,2017 - 2017
41,2017,2017,Zimbabwe; military factions; government forces,Zimbabwean Coup d'État,"The military intervened, leading to President Robert Mugabe's resignation after 37 years in power.",military factions,2017 - 2017
41,2017,2017,Zimbabwe; military factions; government forces,Zimbabwean Coup d'État,"The military intervened, leading to President Robert Mugabe's resignation after 37 years in power.",government forces,2017 - 2017
42,2019,2019,Sudan; military factions; civilian protesters,Sudanese Revolution,Nationwide protests led to the ousting of President Omar al-Bashir after 30 years in power.,Sudan,2019 - 2019
42,2019,2019,Sudan; military factions; civilian protesters,Sudanese Revolution,Nationwide protests led to the ousting of President Omar al-Bashir after 30 years in power.,military factions,2019 - 2019
42,2019,2019,Sudan; military factions; civilian protesters,Sudanese Revolution,Nationwide protests led to the ousting of President Omar al-Bashir after 30 years in power.,civilian protesters,2019 - 2019
43,2020,2020,Mali; military factions; government forces,Malian Coup d'État,Military officers overthrew President Ibrahim Boubacar Keïta amid escalating jihadist insurgency.,Mali,2020 - 2020
43,2020,2020,Mali; military factions; government forces,Malian Coup d'État,Military officers overthrew President Ibrahim Boubacar Keïta amid escalating jihadist insurgency.,military factions,2020 - 2020
43,2020,2020,Mali; military factions; government forces,Malian Coup d'État,Military officers overthrew President Ibrahim Boubacar Keïta amid escalating jihadist insurgency.,government forces,2020 - 2020
44,2021,2021,Chad; military factions; government forces,Chadian Coup d'État,"Following President Idriss Déby's death, the military dissolved the government and parliament, establishing a transitional council.",Chad,2021 - 2021
44,2021,2021,Chad; military factions; government forces,Chadian Coup d'État,"Following President Idriss Déby's death, the military dissolved the government and parliament, establishing a transitional council.",military factions,2021 - 2021
44,2021,2021,Chad; military factions; government forces,Chadian Coup d'État,"Following President Idriss Déby's death, the military dissolved the government and parliament, establishing a transitional council.",government forces,2021 - 2021
45,2021,2021,Guinea; military factions; government forces,Guinean Coup d'État,"Special forces ousted President Alpha Condé, citing concerns over corruption and economic mismanagement.",Guinea,2021 - 2021
45,2021,2021,Guinea; military factions; government forces,Guinean Coup d'État,"Special forces ousted President Alpha Condé, citing concerns over corruption and economic mismanagement.",military factions,2021 - 2021
45,2021,2021,Guinea; military factions; government forces,Guinean Coup d'État,"Special forces ousted President Alpha Condé, citing concerns over corruption and economic mismanagement.",government forces,2021 - 2021
46,2021,2024,Ethiopia; government forces; Tigray People's Liberation Front (TPLF); Eritrean forces,Tigray War,"Armed conflict in the Tigray region, leading to a humanitarian crisis and regional instability.",Ethiopia,2021 - 2024
46,2021,2024,Ethiopia; government forces; Tigray People's Liberation Front (TPLF); Eritrean forces,Tigray War,"Armed conflict in the Tigray region, leading to a humanitarian crisis and regional instability.",government forces,2021 - 2024
46,2021,2024,Ethiopia; government forces; Tigray People's Liberation Front (TPLF); Eritrean forces,Tigray War,"Armed conflict in the Tigray region, leading to a humanitarian crisis and regional instability.",Tigray People's Liberation Front (TPLF),2021 - 2024
46,2021,2024,Ethiopia; government forces; Tigray People's Liberation Front (TPLF); Eritrean forces,Tigray War,"Armed conflict in the Tigray region, leading to a humanitarian crisis and regional instability.",Eritrean forces,2021 - 2024
47,2022,2022,Burkina Faso; military factions; government forces,Burkinabé Coups d'État,"Two military coups occurred, with the army citing failure to curb jihadist violence.",Burkina Faso,2022 - 2022
47,2022,2022,Burkina Faso; military factions; government forces,Burkinabé Coups d'État,"Two military coups occurred, with the army citing failure to curb jihadist violence.",military factions,2022 - 2022
47,2022,2022,Burkina Faso; military factions; government forces,Burkinabé Coups d'État,"Two military coups occurred, with the army citing failure to curb jihadist violence.",government forces,2022 - 2022
48,2023,2024,Sudan; Sudanese Armed Forces (SAF); Rapid Support Forces (RSF),Sudan Conflict,Power struggle between SAF and RSF escalated into widespread violence and humanitarian crises.,Sudan,2023 - 2024
48,2023,2024,Sudan; Sudanese Armed Forces (SAF); Rapid Support Forces (RSF),Sudan Conflict,Power struggle between SAF and RSF escalated into widespread violence and humanitarian crises.,Sudanese Armed Forces (SAF),2023 - 2024
48,2023,2024,Sudan; Sudanese Armed Forces (SAF); Rapid Support Forces (RSF),Sudan Conflict,Power struggle between SAF and RSF escalated into widespread violence and humanitarian crises.,Rapid Support Forces (RSF),2023 - 2024
49,2023,2023,Niger; military factions; government forces,Nigerien Coup d'État,"Military officers deposed President Mohamed Bazoum, leading to regional tensions.",Niger,2023 - 2023
49,2023,2023,Niger; military factions; government forces,Nigerien Coup d'État,"Military officers deposed President Mohamed Bazoum, leading to regional tensions.",military factions,2023 - 2023
49,2023,2023,Niger; military factions; government forces,Nigerien Coup d'État,"Military officers deposed President Mohamed Bazoum, leading to regional tensions.",government forces,2023 - 2023
50,2023,2024,Mali; government forces; Coordination of Azawad Movements (CMA); jihadist groups,Mali War Resurgence,Renewed hostilities between government forces and rebel groups in northern Mali.,Mali,2023 - 2024
50,2023,2024,Mali; government forces; Coordination of Azawad Movements (CMA); jihadist groups,Mali War Resurgence,Renewed hostilities between government forces and rebel groups in northern Mali.,government forces,2023 - 2024
50,2023,2024,Mali; government forces; Coordination of Azawad Movements (CMA); jihadist groups,Mali War Resurgence,Renewed hostilities between government forces and rebel groups in northern Mali.,Coordination of Azawad Movements (CMA),2023 - 2024
50,2023,2024,Mali; government forces; Coordination of Azawad Movements (CMA); jihadist groups,Mali War Resurgence,Renewed hostilities between government forces and rebel groups in northern Mali.,jihadist groups,2023 - 2024
51,2024,2024,Gabon; military factions; government forces,Gabonese Coup d'État,"Military officers seized power, annulling the results of the recent presidential election.",Gabon,2024 - 2024
51,2024,2024,Gabon; military factions; government forces,Gabonese Coup d'État,"Military officers seized power, annulling the results of the recent presidential election.",military factions,2024 - 2024
51,2024,2024,Gabon; military factions; government forces,Gabonese Coup d'État,"Military officers seized power, annulling the results of the recent presidential election.",government forces,2024 - 2024
52,2024,2024,Democratic Republic of the Congo; government forces; M23 rebels; various armed groups,Eastern Congo Conflict,"Escalation of violence in the eastern regions, involving multiple armed groups and causing significant displacement.",Democratic Republic of the Congo,2024 - 2024
52,2024,2024,Democratic Republic of the Congo; government forces; M23 rebels; various armed groups,Eastern Congo Conflict,"Escalation of violence in the eastern regions, involving multiple armed groups and causing significant displacement.",government forces,2024 - 2024
52,2024,2024,Democratic Republic of the Congo; government forces; M23 rebels; various armed groups,Eastern Congo Conflict,"Escalation of violence in the eastern regions, involving multiple armed groups and causing significant displacement.",M23 rebels,2024 - 2024
52,2024,2024,Democratic Republic of the Congo; government forces; M23 rebels; various armed groups,Eastern Congo Conflict,"Escalation of violence in the eastern regions, involving multiple armed groups and causing significant displacement.",various armed groups,2024 - 2024
53,2021,2024,Mozambique; government forces; RENAMO Military Junta,RENAMO Insurgency,"A splinter group from RENAMO resumed armed attacks, challenging the peace agreement.",Mozambique,2021 - 2024
53,2021,2024,Mozambique; government forces; RENAMO Military Junta,RENAMO Insurgency,"A splinter group from RENAMO resumed armed attacks, challenging the peace agreement.",government forces,2021 - 2024
53,2021,2024,Mozambique; government forces; RENAMO Military Junta,RENAMO Insurgency,"A splinter group from RENAMO resumed armed attacks, challenging the peace agreement.",RENAMO Military Junta,2021 - 2024
54,2010,2011,Côte d'Ivoire; government forces; Rebels,Second Ivorian Civil War,"Following disputed presidential elections in Côte d'Ivoire, violence erupted between forces loyal to incumbent President Laurent Gbagbo and those supporting Alassane Ouattara. The conflict resulted in significant casualties and displacement.",Côte d'Ivoire,2010 - 2011
54,2010,2011,Côte d'Ivoire; government forces; Rebels,Second Ivorian Civil War,"Following disputed presidential elections in Côte d'Ivoire, violence erupted between forces loyal to incumbent President Laurent Gbagbo and those supporting Alassane Ouattara. The conflict resulted in significant casualties and displacement.",government forces,2010 - 2011
54,2010,2011,Côte d'Ivoire; government forces; Rebels,Second Ivorian Civil War,"Following disputed presidential elections in Côte d'Ivoire, violence erupted between forces loyal to incumbent President Laurent Gbagbo and those supporting Alassane Ouattara. The conflict resulted in significant casualties and displacement.",Rebels,2010 - 2011
55,2000,2008,"Colombia; FARC (Revolutionary Armed Forces of Colombia), paramilitary groups, drug cartels",Colombian Armed Conflict,"Escalated fighting involving the government, leftist guerrillas, and right-wing paramilitary groups, particularly over drug trade and rural control.",Colombia,2000 - 2008
55,2000,2008,"Colombia; FARC (Revolutionary Armed Forces of Colombia), paramilitary groups, drug cartels",Colombian Armed Conflict,"Escalated fighting involving the government, leftist guerrillas, and right-wing paramilitary groups, particularly over drug trade and rural control.","FARC (Revolutionary Armed Forces of Colombia), paramilitary groups, drug cartels",2000 - 2008
56,1998,2000,Ecuador; Peru,Cenepa War Resolution,"A conflict over a border dispute in the Cordillera del Cóndor region. It formally ended with the Brasilia Peace Accords in 1998, but tensions persisted.",Ecuador,1998 - 2000
56,1998,2000,Ecuador; Peru,Cenepa War Resolution,"A conflict over a border dispute in the Cordillera del Cóndor region. It formally ended with the Brasilia Peace Accords in 1998, but tensions persisted.",Peru,1998 - 2000
57,2001,2001,"Argentina; IMF, domestic groups",Argentine Economic Crisis,"Widespread protests and riots due to economic collapse, involving clashes with the government over austerity measures and debt to the IMF.",Argentina,2001 - 2001
57,2001,2001,"Argentina; IMF, domestic groups",Argentine Economic Crisis,"Widespread protests and riots due to economic collapse, involving clashes with the government over austerity measures and debt to the IMF.","IMF, domestic groups",2001 - 2001
58,2002,2002,"Venezuela; domestic opposition groups, labor unions",Venezuelan Coup Attempt,"A short-lived coup against President Hugo Chávez, resulting in his removal and reinstatement within two days.",Venezuela,2002 - 2002
58,2002,2002,"Venezuela; domestic opposition groups, labor unions",Venezuelan Coup Attempt,"A short-lived coup against President Hugo Chávez, resulting in his removal and reinstatement within two days.","domestic opposition groups, labor unions",2002 - 2002
59,2004,2004,"Bolivia; domestic protestors, indigenous groups",Bolivian Gas Conflict,"Violent protests over plans to export natural gas through Chile, leading to political instability and the resignation of President Gonzalo Sánchez de Lozada.",Bolivia,2004 - 2004
59,2004,2004,"Bolivia; domestic protestors, indigenous groups",Bolivian Gas Conflict,"Violent protests over plans to export natural gas through Chile, leading to political instability and the resignation of President Gonzalo Sánchez de Lozada.","domestic protestors, indigenous groups",2004 - 2004
60,2005,2005,"Bolivia; domestic protestors, indigenous groups",Bolivian Water War,"Protests in Cochabamba over water privatization, leading to government rollbacks after violent confrontations with demonstrators.",Bolivia,2005 - 2005
60,2005,2005,"Bolivia; domestic protestors, indigenous groups",Bolivian Water War,"Protests in Cochabamba over water privatization, leading to government rollbacks after violent confrontations with demonstrators.","domestic protestors, indigenous groups",2005 - 2005
61,2007,2007,"Colombia; Ecuador, FARC",Colombian-Ecuadorian Border Dispute,Diplomatic tensions after Colombia’s cross-border attack against FARC in Ecuadorian territory.,Colombia,2007 - 2007
61,2007,2007,"Colombia; Ecuador, FARC",Colombian-Ecuadorian Border Dispute,Diplomatic tensions after Colombia’s cross-border attack against FARC in Ecuadorian territory.,"Ecuador, FARC",2007 - 2007
62,2000,2000,Paraguay; domestic military factions,2000 Paraguayan Coup Attempt,An attempted coup d'état by a faction of the Paraguayan military aiming to overthrow President Luis González Macchi. The coup was unsuccessful.,Paraguay,2000 - 2000
62,2000,2000,Paraguay; domestic military factions,2000 Paraguayan Coup Attempt,An attempted coup d'état by a faction of the Paraguayan military aiming to overthrow President Luis González Macchi. The coup was unsuccessful.,domestic military factions,2000 - 2000
63,2005,2024,Paraguay; Paraguayan People's Army (EPP),Paraguayan People's Army Insurgency,"An 2024 insurgency by the EPP, a leftist guerrilla group, involving kidnappings and attacks against security forces",Paraguay,2005 - 2024
63,2005,2024,Paraguay; Paraguayan People's Army (EPP),Paraguayan People's Army Insurgency,"An 2024 insurgency by the EPP, a leftist guerrilla group, involving kidnappings and attacks against security forces",Paraguayan People's Army (EPP),2005 - 2024
64,2007,2007,"Venezuela; domestic protestors, media organizations",2007 RCTV Protests,"Mass protests following the government's decision not to renew the broadcast license of Radio Caracas Televisión (RCTV), citing its alleged support of the 2002 coup attempt.",Venezuela,2007 - 2007
64,2007,2007,"Venezuela; domestic protestors, media organizations",2007 RCTV Protests,"Mass protests following the government's decision not to renew the broadcast license of Radio Caracas Televisión (RCTV), citing its alleged support of the 2002 coup attempt.","domestic protestors, media organizations",2007 - 2007
65,2008,2008,"Colombia; Ecuador, FARC",2008 Andean Diplomatic Crisis,"Diplomatic tensions arose after Colombia's military conducted a cross-border raid into Ecuador to target FARC rebels, leading to a temporary severance of diplomatic relations between Colombia and Ecuador.",Colombia,2008 - 2008
65,2008,2008,"Colombia; Ecuador, FARC",2008 Andean Diplomatic Crisis,"Diplomatic tensions arose after Colombia's military conducted a cross-border raid into Ecuador to target FARC rebels, leading to a temporary severance of diplomatic relations between Colombia and Ecuador.","Ecuador, FARC",2008 - 2008
66,2010,2024,"Venezuela; domestic opposition groups, international actors",Crisis in Venezuela,"A multifaceted crisis involving economic collapse, political unrest, and humanitarian issues, leading to mass migration and international diplomatic tensions.",Venezuela,2010 - 2024
66,2010,2024,"Venezuela; domestic opposition groups, international actors",Crisis in Venezuela,"A multifaceted crisis involving economic collapse, political unrest, and humanitarian issues, leading to mass migration and international diplomatic tensions.","domestic opposition groups, international actors",2010 - 2024
67,2016,2024,"Colombia; ELN (National Liberation Army), dissident FARC factions",Colombian Armed Conflict Post-2016,"Despite the 2016 peace agreement with FARC, violence continues with ELN and FARC dissident groups, involving drug trafficking and territorial control.",Colombia,2016 - 2024
67,2016,2024,"Colombia; ELN (National Liberation Army), dissident FARC factions",Colombian Armed Conflict Post-2016,"Despite the 2016 peace agreement with FARC, violence continues with ELN and FARC dissident groups, involving drug trafficking and territorial control.","ELN (National Liberation Army), dissident FARC factions",2016 - 2024
68,2023,2024,Guyana; Venezuela,Guyana–Venezuela Crisis,"Escalation of the long-standing territorial dispute over the Essequibo region, intensified by oil discoveries and Venezuela's referendum asserting claims over the area.",Guyana,2023 - 2024
68,2023,2024,Guyana; Venezuela,Guyana–Venezuela Crisis,"Escalation of the long-standing territorial dispute over the Essequibo region, intensified by oil discoveries and Venezuela's referendum asserting claims over the area.",Venezuela,2023 - 2024
69,2024,2024,"Ecuador; domestic drug cartels, criminal gangs",Ecuadorian Drug War,"Increasing violence and instability due to the rise of drug cartels and criminal gangs, leading to government crackdowns and military deployments.",Ecuador,2024 - 2024
69,2024,2024,"Ecuador; domestic drug cartels, criminal gangs",Ecuadorian Drug War,"Increasing violence and instability due to the rise of drug cartels and criminal gangs, leading to government crackdowns and military deployments.","domestic drug cartels, criminal gangs",2024 - 2024
70,2001,2021,"United States; Taliban, Al-Qaeda, NATO allies, Afghan government",War in Afghanistan,"Initiated after the September 11 attacks, the U.S. led a NATO coalition to dismantle Al-Qaeda and remove the Taliban from power in Afghanistan.",United States,2001 - 2021
70,2001,2021,"United States; Taliban, Al-Qaeda, NATO allies, Afghan government",War in Afghanistan,"Initiated after the September 11 attacks, the U.S. led a NATO coalition to dismantle Al-Qaeda and remove the Taliban from power in Afghanistan.","Taliban, Al-Qaeda, NATO allies, Afghan government",2001 - 2021
71,2003,2011,"United States; Iraq, coalition allies",Iraq War,"The U.S., along with coalition forces, invaded Iraq to overthrow Saddam Hussein's regime, citing the threat of weapons of mass destruction.",United States,2003 - 2011
71,2003,2011,"United States; Iraq, coalition allies",Iraq War,"The U.S., along with coalition forces, invaded Iraq to overthrow Saddam Hussein's regime, citing the threat of weapons of mass destruction.","Iraq, coalition allies",2003 - 2011
72,2006,2024,"Mexico; various drug cartels, Mexican government",Mexican Drug War,"The Mexican government launched a large-scale operation against drug cartels, leading to prolonged violence and instability.",Mexico,2006 - 2024
72,2006,2024,"Mexico; various drug cartels, Mexican government",Mexican Drug War,"The Mexican government launched a large-scale operation against drug cartels, leading to prolonged violence and instability.","various drug cartels, Mexican government",2006 - 2024
73,2004,2004,"Haiti; rebel groups, Haitian government, international forces",2004 Haitian Coup d'État,Armed rebellion led to the ousting of President Jean-Bertrand Aristide; international peacekeepers were deployed to restore order.,Haiti,2004 - 2004
73,2004,2004,"Haiti; rebel groups, Haitian government, international forces",2004 Haitian Coup d'État,Armed rebellion led to the ousting of President Jean-Bertrand Aristide; international peacekeepers were deployed to restore order.,"rebel groups, Haitian government, international forces",2004 - 2004
74,2010,2010,"Jamaica; Jamaican government, criminal organizations",2010 Kingston Unrest,"A government operation to arrest drug lord Christopher ""Dudus"" Coke resulted in violent clashes in Kingston.",Jamaica,2010 - 2010
74,2010,2010,"Jamaica; Jamaican government, criminal organizations",2010 Kingston Unrest,"A government operation to arrest drug lord Christopher ""Dudus"" Coke resulted in violent clashes in Kingston.","Jamaican government, criminal organizations",2010 - 2010
75,2011,2011,"United States; Libyan government, NATO allies",2011 Military Intervention in Libya,The U.S. participated in NATO-led operations enforcing a no-fly zone during the Libyan Civil War.,United States,2011 - 2011
75,2011,2011,"United States; Libyan government, NATO allies",2011 Military Intervention in Libya,The U.S. participated in NATO-led operations enforcing a no-fly zone during the Libyan Civil War.,"Libyan government, NATO allies",2011 - 2011
76,2014,2024,"United States; ISIS, coalition allies",Operation Inherent Resolve,A U.S.-led coalition conducted military operations against ISIS in Iraq and Syria.,United States,2014 - 2024
76,2014,2024,"United States; ISIS, coalition allies",Operation Inherent Resolve,A U.S.-led coalition conducted military operations against ISIS in Iraq and Syria.,"ISIS, coalition allies",2014 - 2024
77,2018,2024,"Haiti; various armed gangs, Haitian government",Haitian Crisis,Escalating gang violence and political instability have led to humanitarian crises and calls for international intervention.,Haiti,2018 - 2024
77,2018,2024,"Haiti; various armed gangs, Haitian government",Haitian Crisis,Escalating gang violence and political instability have led to humanitarian crises and calls for international intervention.,"various armed gangs, Haitian government",2018 - 2024
78,2021,2024,"United States; various African nations, terrorist groups",Operation Enduring Sentinel,U.S. mission focusing on counterterrorism operations in Afghanistan and surrounding regions following the withdrawal of U.S. troops.,United States,2021 - 2024
78,2021,2024,"United States; various African nations, terrorist groups",Operation Enduring Sentinel,U.S. mission focusing on counterterrorism operations in Afghanistan and surrounding regions following the withdrawal of U.S. troops.,"various African nations, terrorist groups",2021 - 2024
79,2020,2021,"United States; various African nations, terrorist groups",Operation Octave Quartz,U.S. operation to reposition forces in East Africa and support counterterrorism efforts in the region.,United States,2020 - 2021
79,2020,2021,"United States; various African nations, terrorist groups",Operation Octave Quartz,U.S. operation to reposition forces in East Africa and support counterterrorism efforts in the region.,"various African nations, terrorist groups",2020 - 2021
80,2017,2019,"United States; Philippines, ISIS-affiliated groups",Marawi Crisis,U.S. provided assistance to Philippine forces during the battle to retake Marawi from ISIS-affiliated militants.,United States,2017 - 2019
80,2017,2019,"United States; Philippines, ISIS-affiliated groups",Marawi Crisis,U.S. provided assistance to Philippine forces during the battle to retake Marawi from ISIS-affiliated militants.,"Philippines, ISIS-affiliated groups",2017 - 2019
81,2014,2024,"United States; various African nations, terrorist groups",Operation Observant Compass,U.S. mission to support African Union forces in countering the Lord's Resistance Army in Central Africa.,United States,2014 - 2024
81,2014,2024,"United States; various African nations, terrorist groups",Operation Observant Compass,U.S. mission to support African Union forces in countering the Lord's Resistance Army in Central Africa.,"various African nations, terrorist groups",2014 - 2024
82,2004,2017,"United States; various African nations, terrorist groups",Operation Enduring Freedom – Horn of Africa,U.S. military operations aimed at countering terrorism and promoting stability in the Horn of Africa region.,United States,2004 - 2017
82,2004,2017,"United States; various African nations, terrorist groups",Operation Enduring Freedom – Horn of Africa,U.S. military operations aimed at countering terrorism and promoting stability in the Horn of Africa region.,"various African nations, terrorist groups",2004 - 2017
83,2000,2001,"United States; Serbia, Kosovo Liberation Army, NATO allies",Kosovo Conflict,The U.S. participated in NATO-led peacekeeping operations in Kosovo following the 1999 conflict to maintain stability in the region.,United States,2000 - 2001
83,2000,2001,"United States; Serbia, Kosovo Liberation Army, NATO allies",Kosovo Conflict,The U.S. participated in NATO-led peacekeeping operations in Kosovo following the 1999 conflict to maintain stability in the region.,"Serbia, Kosovo Liberation Army, NATO allies",2000 - 2001
84,1999,2003,Australia; East Timor; Indonesia; United Nations,East Timor Crisis,"	Following East Timor's vote for independence from Indonesia in 1999, violence erupted. Australia led the International Force for East Timor (INTERFET) to restore peace and facilitate the transition to independence.",Australia,1999 - 2003
84,1999,2003,Australia; East Timor; Indonesia; United Nations,East Timor Crisis,"	Following East Timor's vote for independence from Indonesia in 1999, violence erupted. Australia led the International Force for East Timor (INTERFET) to restore peace and facilitate the transition to independence.",East Timor,1999 - 2003
84,1999,2003,Australia; East Timor; Indonesia; United Nations,East Timor Crisis,"	Following East Timor's vote for independence from Indonesia in 1999, violence erupted. Australia led the International Force for East Timor (INTERFET) to restore peace and facilitate the transition to independence.",Indonesia,1999 - 2003
84,1999,2003,Australia; East Timor; Indonesia; United Nations,East Timor Crisis,"	Following East Timor's vote for independence from Indonesia in 1999, violence erupted. Australia led the International Force for East Timor (INTERFET) to restore peace and facilitate the transition to independence.",United Nations,1999 - 2003
85,2006,2013,Australia; East Timor; New Zealand; Malaysia; Portugal,Operation Astute,Australia deployed forces to East Timor to address internal conflict and support stability following political unrest and violence.,Australia,2006 - 2013
85,2006,2013,Australia; East Timor; New Zealand; Malaysia; Portugal,Operation Astute,Australia deployed forces to East Timor to address internal conflict and support stability following political unrest and violence.,East Timor,2006 - 2013
85,2006,2013,Australia; East Timor; New Zealand; Malaysia; Portugal,Operation Astute,Australia deployed forces to East Timor to address internal conflict and support stability following political unrest and violence.,New Zealand,2006 - 2013
85,2006,2013,Australia; East Timor; New Zealand; Malaysia; Portugal,Operation Astute,Australia deployed forces to East Timor to address internal conflict and support stability following political unrest and violence.,Malaysia,2006 - 2013
85,2006,2013,Australia; East Timor; New Zealand; Malaysia; Portugal,Operation Astute,Australia deployed forces to East Timor to address internal conflict and support stability following political unrest and violence.,Portugal,2006 - 2013
86,2003,2017,Australia; Solomon Islands; New Zealand; Pacific Island nations,Regional Assistance Mission to Solomon Islands (RAMSI),"In response to civil unrest and lawlessness in the Solomon Islands, Australia led a regional intervention to restore order and rebuild governance structures.",Australia,2003 - 2017
86,2003,2017,Australia; Solomon Islands; New Zealand; Pacific Island nations,Regional Assistance Mission to Solomon Islands (RAMSI),"In response to civil unrest and lawlessness in the Solomon Islands, Australia led a regional intervention to restore order and rebuild governance structures.",Solomon Islands,2003 - 2017
86,2003,2017,Australia; Solomon Islands; New Zealand; Pacific Island nations,Regional Assistance Mission to Solomon Islands (RAMSI),"In response to civil unrest and lawlessness in the Solomon Islands, Australia led a regional intervention to restore order and rebuild governance structures.",New Zealand,2003 - 2017
86,2003,2017,Australia; Solomon Islands; New Zealand; Pacific Island nations,Regional Assistance Mission to Solomon Islands (RAMSI),"In response to civil unrest and lawlessness in the Solomon Islands, Australia led a regional intervention to restore order and rebuild governance structures.",Pacific Island nations,2003 - 2017
87,2006,2006,Australia; Tonga; New Zealand,Tonga Riots Intervention,"After riots in Nukuʻalofa, Australia, alongside New Zealand, deployed police and military personnel to assist the Tongan government in restoring order. ",Australia,2006 - 2006
87,2006,2006,Australia; Tonga; New Zealand,Tonga Riots Intervention,"After riots in Nukuʻalofa, Australia, alongside New Zealand, deployed police and military personnel to assist the Tongan government in restoring order. ",Tonga,2006 - 2006
87,2006,2006,Australia; Tonga; New Zealand,Tonga Riots Intervention,"After riots in Nukuʻalofa, Australia, alongside New Zealand, deployed police and military personnel to assist the Tongan government in restoring order. ",New Zealand,2006 - 2006
88,2014,2018,Australia; Iraq; United States; Coalition partners,Operation Okra,"Australia contributed air and ground forces to the international coalition against ISIS in Iraq and Syria, conducting airstrikes and training local forces.",Australia,2014 - 2018
88,2014,2018,Australia; Iraq; United States; Coalition partners,Operation Okra,"Australia contributed air and ground forces to the international coalition against ISIS in Iraq and Syria, conducting airstrikes and training local forces.",Iraq,2014 - 2018
88,2014,2018,Australia; Iraq; United States; Coalition partners,Operation Okra,"Australia contributed air and ground forces to the international coalition against ISIS in Iraq and Syria, conducting airstrikes and training local forces.",United States,2014 - 2018
88,2014,2018,Australia; Iraq; United States; Coalition partners,Operation Okra,"Australia contributed air and ground forces to the international coalition against ISIS in Iraq and Syria, conducting airstrikes and training local forces.",Coalition partners,2014 - 2018
89,2003,2003,Australia; Papua New Guinea,Bougainville Peace Monitoring,"Australia supported peace efforts in Bougainville, Papua New Guinea, after years of conflict, facilitating the peace process and disarmament.",Australia,2003 - 2003
89,2003,2003,Australia; Papua New Guinea,Bougainville Peace Monitoring,"Australia supported peace efforts in Bougainville, Papua New Guinea, after years of conflict, facilitating the peace process and disarmament.",Papua New Guinea,2003 - 2003
90,2006,2006,Australia; Fiji; New Zealand; United Nations,Fiji Coup Crisis,"Australia condemned the military coup in Fiji, suspended defense ties, and advocated for international sanctions to restore democracy.",Australia,2006 - 2006
90,2006,2006,Australia; Fiji; New Zealand; United Nations,Fiji Coup Crisis,"Australia condemned the military coup in Fiji, suspended defense ties, and advocated for international sanctions to restore democracy.",Fiji,2006 - 2006
90,2006,2006,Australia; Fiji; New Zealand; United Nations,Fiji Coup Crisis,"Australia condemned the military coup in Fiji, suspended defense ties, and advocated for international sanctions to restore democracy.",New Zealand,2006 - 2006
90,2006,2006,Australia; Fiji; New Zealand; United Nations,Fiji Coup Crisis,"Australia condemned the military coup in Fiji, suspended defense ties, and advocated for international sanctions to restore democracy.",United Nations,2006 - 2006
91,2014,2024,Ukraine; Russia; Pro-Russian separatists,Russo-Ukrainian War,"Conflict initiated by Russia's annexation of Crimea and support for separatist movements in Eastern Ukraine, leading to 2024 hostilities.",Ukraine,2014 - 2024
91,2014,2024,Ukraine; Russia; Pro-Russian separatists,Russo-Ukrainian War,"Conflict initiated by Russia's annexation of Crimea and support for separatist movements in Eastern Ukraine, leading to 2024 hostilities.",Russia,2014 - 2024
91,2014,2024,Ukraine; Russia; Pro-Russian separatists,Russo-Ukrainian War,"Conflict initiated by Russia's annexation of Crimea and support for separatist movements in Eastern Ukraine, leading to 2024 hostilities.",Pro-Russian separatists,2014 - 2024
92,2020,2020,Armenia; Azerbaijan,Nagorno-Karabakh Conflict,"Renewed hostilities between Armenia and Azerbaijan over the disputed Nagorno-Karabakh region, leading to a ceasefire agreement brokered by Russia.",Armenia,2020 - 2020
92,2020,2020,Armenia; Azerbaijan,Nagorno-Karabakh Conflict,"Renewed hostilities between Armenia and Azerbaijan over the disputed Nagorno-Karabakh region, leading to a ceasefire agreement brokered by Russia.",Azerbaijan,2020 - 2020
93,2008,2008,Russia; Georgia,Russo-Georgian War,"A brief conflict between Russia and Georgia over the regions of South Ossetia and Abkhazia, resulting in Russian military intervention.",Russia,2008 - 2008
93,2008,2008,Russia; Georgia,Russo-Georgian War,"A brief conflict between Russia and Georgia over the regions of South Ossetia and Abkhazia, resulting in Russian military intervention.",Georgia,2008 - 2008
